api_name,display_label
Owner,連絡先の担当者
Lead_Source,見込み客のデータ元
First_Name,名
Last_Name,姓
Account_Name,取引先名
Vendor_Name,代理店/管理会社名
Email,メール
Title,職位
Department,部署
Phone,電話番号
Home_Phone,電話番号（自宅）
Other_Phone,電話番号（その他）
Fax,Fax
Mobile,携帯電話
Date_of_Birth,誕生日
Assistant,秘書
Asst_Phone,電話番号（秘書）
Created_By,作成者
Modified_By,更新者
Created_Time,作成日時
Modified_Time,更新日時
Full_Name,氏名
Mailing_Street,町名・番地
Other_Street,町名・番地（その他）
Mailing_City,市区町村
Other_City,市区町村（その他）
Mailing_State,都道府県
Other_State,都道府県（その他）
Mailing_Zip,郵便番号
Other_Zip,郵便番号（その他）
Mailing_Country,国
Other_Country,国（その他）
Description,詳細情報
Email_Opt_Out,メール対象外（オプトアウト）
Skype_ID,Skype ID
Salutation,敬称
Secondary_Email,サブのメールアドレス
Currency,通貨
Exchange_Rate,為替レート
Last_Activity_Time,最新の操作日時
Twitter,Twitter
Layout,レイアウト
Tag,タグ
Record_Image,連絡先の画像
Unsubscribed_Mode,配信停止の方法
Unsubscribed_Time,配信停止の日時
Change_Log_Time__s,工数を変更する
Data_Processing_Basis_Details,Data Processing Basis Details
Data_Processing_Basis,データ処理の法的根拠
Data_Source,データ元
move_in_expected_date,引越し予定日
mansion_number_room,号室
introducerResponsibleName,紹介元担当者名
introducerStoreBranchOfficeName,紹介元店舗支店名
usingGasCompany,利用しているガス会社
usingPower,利用している電力
firstConnectDate,初回コネクト日
ID2,申込受付くん管理会社ID
ID3,申込受付くん申込ID
ID_auth_id,申込受付くん店舗ID(auth_id)
ID1,顧客ID
customerNameKana,顧客名カナ
freeNetPropertyExistence,無料ネット物件の有無
address,住所（元データ）
buildingName,マンション名
rep,担当者
leadCreationTime,見込み客作成日時
customer_transfer_date,送客日
Cost,リスト費用
Cost80,リスト費用（8割）
Amount,売上総額
gross_profit,粗利
gross_profit_80,粗利（8割）
productLists,案内可能商材
feeManagementCompany,手数料(管理会社)
feeItandi,手数料(イタンジ)
Remarks_Registration,備考欄（送客時）
gasLandingDate,ガス着地日
wsLandingDate,WS着地日
homeMovingLandingDate,引越着地日
earnDate,獲得日
flagDetail,フラグ詳細
lastCallingDate,【ガスSW】最終架電日
opticalLandingDate,光着地日
actualHomeMovingDate,実引越日
Remarks_After_Post_Confirmation,備考（後確後）
electricalLandingDate,電気着地日
otherCompanyArrangement,他社手配
earnLines,獲得回線
lastCaller,取次プラン(FC用)
wsStatus,WSステータス
homeMovingCompany,引越社
flag,フラグ
homeMovingStatus,引越ステータス
guidanceRecognition,案内認識
opticalLinesStatus,光回線ステータス
electricalStatus,電気ステータス
gasStatus,ガスステータス
mobileCarrier,携帯キャリア
alterTime,改め日時
businessType,事業種別
contract_sex,契)性別
vendorAgencyManagementCompanyName,仕入先（代理店・管理会社名）
age,年齢
field50,連絡希望日時
propaneGasCompanyName,プロパンガス会社名
Zoho_Forms,Zoho Forms
ID4,会社ID
LINE,LINE
relation,サポセレ獲得
relationResult,リレーション結果
NG,リレーションNG理由
SMS_pattern,SMSパターン
forExternalSharing,外部共有用
SMS,SMS送信
ID5,見込みID
Locked__s,Locked
phoneNumberAnotherNumber,電話番号 （別番号）
Last_Enriched_Time__s,最終取得日時
Enrich_Status__s,処理ステータス
afterConfirmationStatus,後確ステータス
landing_date_ws,着地日（WS）
landing_date_electric,着地日（電気）
last_landing_date_gas,最終着地日（ガス）
landing_date_gas,着地日（ガス）
last_landing_date_electric,最終着地日（電気）
last_landing_date_lines,最終着地日（回線）
last_landing_date_ws,最終着地日（WS）
result_electric,ステータス（電気）
result_lines,ステータス（回線）
result_gas,ステータス（ガス）
result_ws,結果（WS）
LL,LL外注先
start_desired_date_lines,開始希望日（回線）
start_desired_date_water,開始希望日（水道）
start_desired_date_electric,開始希望日（電気）
start_desired_date_ws,開始希望日（WS）
start_desired_date_gas,開始希望日（ガス）
statWS,ステータス（WS）
products_ws,商材（WS）
fc_server_type_ws,FC_サーバー種類（WS）
landing_date_lines,着地日（回線）
products_gas,商材（ガス）
products_lines,商材（回線）
statElectric,小ステータス（電気）
stat_water,ステータス（水道）
productsElectric,商材（電気）
stat_lines,小ステータス（回線）
stat_gas,小ステータス（ガス）
netFreeDetermining,ネット無料判別
previous_confirmer,前確者
desired_contact_time_zone,希望連絡時間帯
commissionDate,取次日
Remarks_Post_Confirmation,備考（後確）
Remarks_Pre_Confirmation,LL備考（前確）
afterConfirmationContactPreferredDate,後確希望日
afterConfirmationDesiredContactTime,後確希望連絡時刻
alterDate,改め日
duplication,重複
CB_NEW,CB金額(回線)
contract_family_name,契)姓
contract_family_name_kana,契)セイ
contract_last_name,契)名
contract_last_name_kana,契)メイ
calling_birthdate,対)生年月日
field1,二番号目
calling_name,対)名前
calling_name_kana,対)カナ
calling_sex,対)性別
contract_birthdate,契)生年月日
field6,住所（統合）
life_line_commission_items,ライフライン取次項目
water_commission_ksy,水道取次（KSY）
application_number_gas,契約書番号（ガス）
option_auxiliary_gas,オプション付帯（ガス）
entry_date_gas,エントリー日（ガス）
NG_reason_gas,後確NG理由（ガス）
customer_stat_gas,顧客ステータス（ガス）
regional_gas_stat_gas,地域ガスステータス（ガス）
option_auxiliary_ws,オプション付帯（WS）
sales_kubun_ws,販売区分（WS）
NG_reason_ws,結果NG理由（WS）
field15,エントリー日（電気）
application_number_electric,申込番号/契約書番号（電気）
field17,オプション付帯（電気）
customer_stat_electric,顧客ステータス（電気）
regional_power_stat_electric,地域電力ステータス（電気）
NG_reason_electric,後確NG理由（電気）
field,契約者との続柄
change_type,切替種別
LP,サポセレ
contact_type,問合せ種別
field4,問合せエリア
field5,取引仲介会社
field8,追いかけフラグ
field9,後確時決済誘導
field10,返却フラグ
application_type,重複有無
earn_time,獲得日時
gas_witness_name,ガス_立会者名
gas_witness_name_kana,ガス_立会者名（カナ）
witness_phone_number,立会人 電話番号
witness,立会人
acquisition_remarks,【UP】その他ラック
ws_next_calling_date,【WS】改め日
ws_status,【WS】ステータス
ws_last_calling_date,【WS】最終架電日
ws_first_connect_date,【WS】初回コネクト日
cancel_date,キャンセル日
field20,地域ガス受付番号
banchi,番地・号
section_chome,字・丁目
SOHO,SOHOメール用
WS7,架電備考（WS）
up_flag,【UP】フラグ
ws_next_calling_time,【WS】改め日時
ws_small_status,【WS】小ステータス
ws_prospect_rank,【WS】見込みランク
ws_person_in_charge,【WS】担当者
net_toss_up,ネットトスアップ
up_contact_desired_time,【UP】連絡希望日時
up_flag_detail_lines,【UP】詳細フラグ（回線）
field3,架電者
portal_life_id,ポータルライフID
is_deleted,削除フラグ
up_calling_remarks,【UP】架電備考
payment_methods_electric,支払方法_電気
field7,後確者
up_cash_back_reason,【UP】AUラック
up_last_calling_date,【UP】最終架電日
field12,トーク進捗
plan_electric,プラン_電気
field18,対応注意
gas_time_of_visit,立会時間（ガス）
up_first_connect_date,【UP】初回コネクト日
partner_ws,【WS】トーク進捗
WS11,後確担当者(WS)
partner_company,パートナー
lineProgress,LINE進捗
payment_methods_gas,支払方法_ガス
DENKIT,申込番号(DENKIT)
field2,ポータルライフステータス
payment_date,着金日
field22,メール（別アドレス）
field23,住所
cancel_date_lines,キャンセル日(回線)
field16,企業ステータス
waterworks_bureau,水道局
apply_method_enks,エンクス社申請方法
field24,オプション付帯(回線)
CB_LL,CB金額(LL)
field25,返金時期(回線)
mobile_carrier,携帯)キャリア
line_option,回線（連携用）
electric_option,電気（連携用）
gas_option,ガス（連携用）
field27,現住所
field28,支払方法_獲得
field29,【電】供給地点番号(22桁)
field30,【電】お客様番号
field32,【電】アンペア数
field33,【UP】CB金額
field34,備考
SW,【ガスSW】詳細フラグ
field35,【ガスSW】次回架電日時
SW1,【ガスSW】対応者
field36,【ガ】供給地点番号
field37,【ガ】お客様番号
field38,【ガ】契約名義
proposed_product,提案商材
sales_representative,営業担当
field26,申込番号（回線）
field40,ガス 獲得種別
field39,アドレス
field41,CB金額(WS)
WS1,【WS】リスト連携日
field42,申込種別
field43,外注先
field44,【ガス】供給地点番号
field46,【電気】供給地点番号
field47,【保険】初回コネクト日
field48,【保険】最終架電日
field49,【UP】NTTラック
field51,Wiz進捗
field52,【ガスSW】フラグ
field53,【保険】架電者
field54,【保険】改め日時
field55,【保険】エントリー日
field56,【保険】申込番号
field57,【保険】改め日
field58,EXセグメント/手配済代理店
field59,保険トスアップ
field60,物件契約日
LL1,返金時期(LL)
field61,入居リード
CB1,CB案内
field62,プラン_ガス
field63,見込みフラグ
field67,現契約
field68,ギフト案内
field69,物件進捗
field11,着地日（保険）
field72,商材（保険）
field73,小ステータス（保険）
field74,管理番号
field13,着地日(オプション)
field21,申込番号(オプション)
field31,商材(オプション)
field75,小ステータス(オプション)
field76,ステータス(オプション)
EN,対応依頼日にち指定（LL）
field65,対応依頼（LL）
field66,依頼日（LL）
EN1,EN対応依頼時間指定（LL）
response_result,対応結果（LL）
PW,FB/自社FR備考（回線）
FB,FB備考（LL）
EN2,予備
FB_PW,FB対応依頼時間指定（LL）
PW1,FB/自社FR対応依頼時間指定（回線）
line_remarks_preconf,対応結果（回線）
surveyresults,顧客満足度アンケート回答結果　1〜5/不満〜大満足
EN3,EN対応依頼時間指定（回線）
field19,対応依頼（回線）
field64,依頼日（回線）
field70,対応依頼日にち指定（回線）
field71,問合せ日
inflow_type,流入種別
WS,改め日（WS）
WS2,改め日時（WS）
field77,【ＷＳ】改め日時
